id,label
1195264701,Fake
1402869242,Fake
1465128481,Fake
1487256502,Fake
1638396745,Fake
1656183985,Fake
1768537661,Fake
1788163755,Fake
1830577063,Fake
1941614093,Fake
2105845957,Fake
2128004691,Fake
2153157177,Fake
2158328003,Fake
2189756411,Fake
2206178062,Fake
2214561023,Fake
2351688925,Fake
2421558957,Fake
2506434215,Fake
2511408927,Fake
2680141005,Fake
2766467333,Fake
2768946311,Fake
2781619923,Fake
2954243325,Fake
2998844577,Fake
2998850183,Fake
2998942253,Fake
3004873637,Fake
3148455083,Fake
3152783674,Fake
3184028954,Fake
3197417044,Fake
3256809384,Fake
3262256712,Fake
3274643901,Fake
3307709485,Fake
3313718051,Fake
3316061377,Fake
3319853043,Fake
3341591502,Fake
3442532310,Fake
3508559184,Fake
3514807531,Fake
3524002245,Fake
3579931940,Fake
3625972135,Fake
3700712884,Fake
3723075335,Fake
3723075914,Fake
3723357835,Fake
3764369327,Fake
3816134830,Fake
3816756896,Fake
3817099196,Fake
3864109310,Fake
3893297096,Fake
3899434403,Fake
3914156316,Fake
3918945940,Fake
3919955217,Fake
3958652955,Fake
3967343840,Fake
3973480557,Fake
3973502480,Fake
3975927245,Fake
3978456357,Fake
3978461117,Fake
3978521513,Fake
3978629730,Fake
3983687100,Fake
3992287125,Fake
5015827100,Fake
5028520473,Fake
5032759942,Fake
5036375432,Fake
5043577095,Fake
5051482260,Fake
5056124105,Fake
5062299281,Fake
5063358893,Fake
5078959453,Fake
5082815329,Fake
5082995995,Fake
5084869854,Fake
5085868082,Fake
5087718785,Fake
5103613401,Fake
5135642220,Fake
5151182890,Fake
5161194256,Fake
5184949177,Fake
5187809479,Fake
5212384562,Fake
5237121924,Fake
5242723011,Fake
5245379166,Fake
5289136495,Fake
5301290043,Fake
5302805613,Fake
5303588973,Fake
5307077619,Fake
5318837373,Fake
5322066783,Fake
5324797585,Fake
5328764331,Fake
5331917298,Fake
5331950652,Fake
5337437545,Fake
5363962946,Fake
5365323976,Fake
5365515981,Fake
